{"cameraMode":{"drawMode":0,"name":"Shaded","section":"Shading Mode"},"sceneLighting":false,"audioPlay":false,"sceneViewState":{"showFog":true,"showMaterialUpdate":false,"showSkybox":false,"showFlares":true,"showImageEffects":true,"showParticleSystems":true},"in2DMode":false,"pivot":{"x":34.898529052734378,"y":1.2335278987884522,"z":-10.164957046508789},"rotation":{"x":-0.04886897653341293,"y":-0.9510049223899841,"z":0.22367489337921143,"w":-0.20777741074562074},"size":8.144543647766114,"orthographic":true}