{"cameraMode":{"drawMode":0,"name":"Shaded","section":"Shading Mode"},"sceneLighting":false,"audioPlay":false,"sceneViewState":{"showFog":true,"showMaterialUpdate":false,"showSkybox":false,"showFlares":true,"showImageEffects":true,"showParticleSystems":true},"in2DMode":false,"pivot":{"x":33.983497619628909,"y":1.5076663494110108,"z":-10.0},"rotation":{"x":-0.04886897653341293,"y":-0.9510049223899841,"z":0.22367489337921143,"w":-0.20777741074562074},"size":7.606599807739258,"orthographic":true}